Year,Rank,University,Score,Link,Country,City,Region,Logo
2017,244, university of dundee,42,https://www.topuniversities.com/universities/university-dundee,United Kingdom,Dundee,Europe,https://www.topuniversities.com/sites/default/files/-university-of-dundee_592560cf2aeae70239af4b2c_small.jpg
2017,374,aalborg university,32,https://www.topuniversities.com/universities/aalborg-university,Denmark,Aalborg,Europe,https://www.topuniversities.com/sites/default/files/aalborg-university_1262_small.jpg
2017,133,aalto university,58,https://www.topuniversities.com/universities/aalto-university,Finland,Espoo,Europe,https://www.topuniversities.com/sites/default/files/aalto-university_261_small.jpg
2017,117,aarhus university,60,https://www.topuniversities.com/universities/aarhus-university,Denmark,,Europe,https://www.topuniversities.com/sites/default/files/aarhus-university_592560cf2aeae70239af4a8a_small.jpg
2017,236,al-farabi kazakh national university,43,https://www.topuniversities.com/universities/al-farabi-kazakh-national-university,Kazakhstan,Almaty,Asia,https://www.topuniversities.com/sites/default/files/al-farabi-kazakh-national-university_2146_small.jpg
2017,163,albert-ludwigs-universitaet freiburg,53,https://www.topuniversities.com/universities/albert-ludwigs-universitaet-freiburg,Germany,Freiburg im Breisgau,Europe,https://www.topuniversities.com/sites/default/files/albert-ludwigs-universitaet-freiburg_216_small.jpg
2017,208,alma mater studiorum - university of bologna,46,https://www.topuniversities.com/universities/alma-mater-studiorum-university-bologna,Italy,Bologna,Europe,https://www.topuniversities.com/sites/default/files/alma-mater-studiorum-university-of-bologna_592560cf2aeae70239af4ac0_small.jpg
2017,384,american university,32,https://www.topuniversities.com/universities/american-university,United States,Washington D.C.,North America,https://www.topuniversities.com/sites/default/files/american-university_17_small.jpg
2017,228,american university of beirut (aub),44,https://www.topuniversities.com/universities/american-university-beirut-aub,Lebanon,Beirut ,Asia,https://www.topuniversities.com/sites/default/files/american-university-of-beirut-aub_780_small.jpg
2017,222,arizona state university,45,https://www.topuniversities.com/universities/arizona-state-university,United States,Phoenix,North America,https://www.topuniversities.com/sites/default/files/arizona-state-university_592560cf2aeae70239af4a9c_small.jpg
2017,358,aston university,33,https://www.topuniversities.com/universities/aston-university,United Kingdom,Birmingham,Europe,https://www.topuniversities.com/sites/default/files/aston-university_29_small.jpg
2017,306,bauman moscow state technical university,37,https://www.topuniversities.com/universities/bauman-moscow-state-technical-university,Russia,Moscow,Europe,https://www.topuniversities.com/sites/default/files/bauman-moscow-state-technical-university_592560cf2aeae70239af505c_small.jpg
2017,389,beijing institute of technology,31,https://www.topuniversities.com/universities/beijing-institute-technology,China (Mainland),Beijing,Asia,https://www.topuniversities.com/sites/default/files/beijing-institute-of-technology_868_small.jpg
2017,257,beijing normal university ,41,https://www.topuniversities.com/universities/beijing-normal-university,China (Mainland),Beijing,Asia,https://www.topuniversities.com/sites/default/files/beijing-normal-university_869_small.jpg
2017,354,belarusian state university,33,https://www.topuniversities.com/universities/belarusian-state-university,Belarus,Minsk,Europe,https://www.topuniversities.com/sites/default/files/belarusian-state-university_14128_small.jpg
2017,320,ben-gurion university of the negev,36,https://www.topuniversities.com/universities/ben-gurion-university-negev,Israel,Be'er Sheva,Asia,https://www.topuniversities.com/sites/default/files/ben-gurion-university-of-the-negev_592560cf2aeae70239af4ab7_small.jpg
2017,280,birkbeck|| university of london,38,https://www.topuniversities.com/universities/birkbeck-university-london,United Kingdom,London,Europe,https://www.topuniversities.com/sites/default/files/birkbeck-university-of-london_1636_small.jpg
2017,299,boston college,37,https://www.topuniversities.com/universities/boston-college,United States,Newton,North America,https://www.topuniversities.com/sites/default/files/boston-college_723_small.jpg
2017,89,boston university,66,https://www.topuniversities.com/universities/boston-university,United States,Boston,North America,https://www.topuniversities.com/sites/default/files/boston-university_592560cf2aeae70239af4ac2_small.jpg
2017,49,brown university,78,https://www.topuniversities.com/universities/brown-university,United States,Providence,North America,https://www.topuniversities.com/sites/default/files/brown-university_72_small.jpg
2017,345,brunel university london,34,https://www.topuniversities.com/universities/brunel-university-london,United Kingdom,,Europe,https://www.topuniversities.com/sites/default/files/brunel-university-london_592560cf2aeae70239af4acc_small.jpg
2017,5,california institute of technology (caltech),97,https://www.topuniversities.com/universities/california-institute-technology-caltech,United States,Pasadena,North America,https://www.topuniversities.com/sites/default/files/california-institute-of-technology-caltech_94_small.jpg
2017,140,cardiff university,56,https://www.topuniversities.com/universities/cardiff-university,United Kingdom,Cardiff,Europe,https://www.topuniversities.com/sites/default/files/cardiff-university_592560cf2aeae70239af4ae6_small.jpg
2017,58,carnegie mellon university,75,https://www.topuniversities.com/universities/carnegie-mellon-university,United States,Pittsburgh,North America,https://www.topuniversities.com/sites/default/files/carnegie-mellon-university_101_small.jpg
2017,202,case western reserve university,47,https://www.topuniversities.com/universities/case-western-reserve-university,United States,Cleveland,North America,https://www.topuniversities.com/sites/default/files/case-western-reserve-university_102_small.jpg
2017,164,centralesupã©lec,53,https://www.topuniversities.com/universities/centralesupelec,France,Saint-Aubin,Europe,https://www.topuniversities.com/sites/default/files/centralesuplec_173_small.jpg
2017,139,chalmers university of technology,57,https://www.topuniversities.com/universities/chalmers-university-technology,Sweden,Gothenburg,Europe,https://www.topuniversities.com/sites/default/files/chalmers-university-of-technology_592560cf2aeae70239af4af7_small.jpg
2017,302,charles university,37,https://www.topuniversities.com/universities/charles-university,Czech Republic,Prague,Europe,https://www.topuniversities.com/sites/default/files/charles-university_117_small.jpg
2017,252,chulalongkorn university,41,https://www.topuniversities.com/universities/chulalongkorn-university,Thailand,Bangkok,Asia,https://www.topuniversities.com/sites/default/files/chulalongkorn-university_592560cf2aeae70239af4b01_small.jpg
2017,386,chung-ang university (cau),31,https://www.topuniversities.com/universities/chung-ang-university-cau,South Korea,Seoul,Asia,https://www.topuniversities.com/sites/default/files/chung-ang-university-cau_1042_small.jpg
2017,55,city university of hong kong,76,https://www.topuniversities.com/universities/city-university-hong-kong,Hong Kong SAR,Hong Kong,Asia,https://www.topuniversities.com/sites/default/files/city-university-of-hong-kong_592560cf2aeae70239af4b05_small.jpg
2017,314,city|| university of london,36,https://www.topuniversities.com/universities/city-university-london,United Kingdom,London,Europe,https://www.topuniversities.com/sites/default/files/city-university-of-london_354_small.jpg
2017,386,colorado state university,31,https://www.topuniversities.com/universities/colorado-state-university,United States,Fort Collins,North America,https://www.topuniversities.com/sites/default/files/colorado-state-university_136_small.jpg
2017,20,columbia university,89,https://www.topuniversities.com/universities/columbia-university,United States,New York City,North America,https://www.topuniversities.com/sites/default/files/columbia-university_138_small.jpg
2017,239,complutense university of madrid,43,https://www.topuniversities.com/universities/complutense-university-madrid,Spain,Madrid,Europe,https://www.topuniversities.com/sites/default/files/complutense-university-of-madrid_592560cf2aeae70239af4bff_small.jpg
2017,16,cornell university,91,https://www.topuniversities.com/universities/cornell-university,United States,Ithaca,North America,https://www.topuniversities.com/sites/default/files/cornell-university_143_small.jpg
2017,306,curtin university,37,https://www.topuniversities.com/universities/curtin-university,Australia,Perth,Oceania,https://www.topuniversities.com/sites/default/files/curtin-university_150_small.jpg
2017,283,dalhousie university,38,https://www.topuniversities.com/universities/dalhousie-university,Canada,Halifax,North America,https://www.topuniversities.com/sites/default/files/dalhousie-university_151_small.jpg
2017,158,dartmouth college,53,https://www.topuniversities.com/universities/dartmouth-college,United States,Hanover,North America,https://www.topuniversities.com/sites/default/files/dartmouth-college_592560cf2aeae70239af4b1c_small.jpg
2017,355,deakin university,33,https://www.topuniversities.com/universities/deakin-university,Australia,Geelong,Oceania,https://www.topuniversities.com/sites/default/files/download-48x48.png
2017,62,delft university of technology,73,https://www.topuniversities.com/universities/delft-university-technology,Netherlands,Delft,Europe,https://www.topuniversities.com/sites/default/files/delft-university-of-technology_155_small.jpg
2017,380,dublin city university,32,https://www.topuniversities.com/universities/dublin-city-university,Ireland,Dublin,Europe,https://www.topuniversities.com/sites/default/files/dublin-city-university_592560cf2aeae70239af4b27_small.jpg
2017,24,duke university,86,https://www.topuniversities.com/universities/duke-university,United States,Durham,North America,https://www.topuniversities.com/sites/default/files/duke-university_168_small.jpg
2017,74,durham university,69,https://www.topuniversities.com/universities/durham-university,United Kingdom,Durham,Europe,https://www.topuniversities.com/sites/default/files/durham-university_170_small.jpg
2017,167,eberhard karls universitã¤t tã¼bingen,52,https://www.topuniversities.com/universities/eberhard-karls-universitat-tubingen,Germany,TÃ¼bingen,Europe,https://www.topuniversities.com/sites/default/files/eberhard-karls-universitt-tbingen_629_small.jpg
2017,268,ecole des ponts paristech,40,https://www.topuniversities.com/universities/ecole-des-ponts-paristech,France,Paris,Europe,https://www.topuniversities.com/sites/default/files/ecole-des-ponts-paristech_187_small.jpg
2017,33,ecole normale supã©rieure|| paris,83,https://www.topuniversities.com/universities/ecole-normale-superieure-paris,France,Paris,Europe,https://www.topuniversities.com/sites/default/files/ecole-normale-suprieure-paris_176_small.jpg
2017,53,ecole polytechnique,76,https://www.topuniversities.com/universities/ecole-polytechnique,France,Palaiseau,Europe,https://www.topuniversities.com/sites/default/files/ecole-polytechnique_592560cf2aeae70239af4b36_small.jpg
2017,121,eindhoven university of technology,59,https://www.topuniversities.com/universities/eindhoven-university-technology,Netherlands,Eindhoven,Europe,https://www.topuniversities.com/sites/default/files/eindhoven-university-of-technology_592560cf2aeae70239af4b3c_small.jpg
2017,149,emory university,55,https://www.topuniversities.com/universities/emory-university,United States,Atlanta,North America,https://www.topuniversities.com/sites/default/files/emory-university_185_small.jpg
2017,264,ens paris-saclay,40,https://www.topuniversities.com/universities/ens-paris-saclay,France,Cachan,Europe,https://www.topuniversities.com/sites/default/files/ecole-normale-suprieure-de-cachan_1878_small.jpg
2017,14,epfl,92,https://www.topuniversities.com/universities/epfl,Switzerland,Lausanne,Europe,https://www.topuniversities.com/sites/default/files/epfl-ecole-polytechnique-federale-de-lausanne_592560cf2aeae70239af4b34_small.jpg
2017,144,erasmus university rotterdam ,56,https://www.topuniversities.com/universities/erasmus-university-rotterdam,Netherlands,Rotterdam,Europe,https://www.topuniversities.com/sites/default/files/erasmus-university-rotterdam_190_small.jpg
2017,330,essex|| university of,35,https://www.topuniversities.com/universities/essex-university,United Kingdom,Colchester,Europe,https://www.topuniversities.com/sites/default/files/university-of-essex_592560cf2aeae70239af4b4c_small.jpg
2017,8,eth zurich - swiss federal institute of technology,95,https://www.topuniversities.com/universities/eth-zurich-swiss-federal-institute-technology,Switzerland,Zürich,Europe,https://www.topuniversities.com/sites/default/files/eth-zurich-swiss-federal-institute-of-technology_201_small.jpg
2017,335,ewha womans university,35,https://www.topuniversities.com/universities/ewha-womans-university,South Korea,Seoul,Asia,https://www.topuniversities.com/sites/default/files/ewha-womans-university_592560cf2aeae70239af4b38_small.jpg
2017,123,freie universitaet berlin,59,https://www.topuniversities.com/universities/freie-universitaet-berlin,Germany,Berlin,Europe,https://www.topuniversities.com/sites/default/files/freie-universitaet-berlin_215_small.jpg
2017,272,friedrich-alexander-universitã¤t erlangen-nã¼rnberg,39,https://www.topuniversities.com/universities/friedrich-alexander-universitat-erlangen-nurnberg,Germany,Erlangen,Europe,https://www.topuniversities.com/sites/default/files/friedrich-alexander-universitt-erlangen-nrnberg_191_small.jpg
2017,43,fudan university,80,https://www.topuniversities.com/universities/fudan-university,China (Mainland),Shanghai,Asia,https://www.topuniversities.com/sites/default/files/fudan-university_218_small.jpg
2017,363,george washington university,33,https://www.topuniversities.com/universities/george-washington-university,United States,Ashburn,North America,https://www.topuniversities.com/sites/default/files/george-washington-university_223_small.jpg
2017,214,georgetown university,46,https://www.topuniversities.com/universities/georgetown-university,United States,Washington D.C.,North America,https://www.topuniversities.com/sites/default/files/georgetown-university_224_small.jpg
2017,71,georgia institute of technology,70,https://www.topuniversities.com/universities/georgia-institute-technology,United States,Atlanta,North America,https://www.topuniversities.com/sites/default/files/georgia-institute-of-technology_225_small.jpg
2017,131,ghent university,58,https://www.topuniversities.com/universities/ghent-university,Belgium,Ghent,Europe,https://www.topuniversities.com/sites/default/files/ghent-university_228_small.jpg
2017,264,goethe-university frankfurt am main,40,https://www.topuniversities.com/universities/goethe-university-frankfurt-am-main,Germany,Frankfurt,Europe,https://www.topuniversities.com/sites/default/files/universitt-frankfurt-am-main_214_small.jpg
2017,336,griffith university,35,https://www.topuniversities.com/universities/griffith-university,Australia,Nathan,Oceania,https://www.topuniversities.com/sites/default/files/griffith-university_242_small.jpg
2017,337,gwangju institute of science and technology (gist),35,https://www.topuniversities.com/universities/gwangju-institute-science-technology-gist,South Korea,Gwangju,Asia,https://www.topuniversities.com/sites/default/files/gwangju-institute-of-science-and-technology-gist_718_small.jpg
2017,171,hanyang university,51,https://www.topuniversities.com/universities/hanyang-university,South Korea,Seoul,Asia,https://www.topuniversities.com/sites/default/files/hanyang-university_250_small.jpg
2017,278,harbin institute of technology,38,https://www.topuniversities.com/universities/harbin-institute-technology,China (Mainland),Harbin,Asia,https://www.topuniversities.com/sites/default/files/harbin-institute-of-technology_877_small.jpg
2017,3,harvard university,99,https://www.topuniversities.com/universities/harvard-university,United States,Cambridge,North America,https://www.topuniversities.com/sites/default/files/harvard-university_253_small.jpg
2017,327,heriot-watt university,35,https://www.topuniversities.com/universities/heriot-watt-university,United Kingdom,Edinburgh,Europe,https://www.topuniversities.com/sites/default/files/heriot-watt-university_592560cf2aeae70239af4d5f_small.jpg
2017,297,hiroshima university,37,https://www.topuniversities.com/universities/hiroshima-university,Japan,Higashihiroshima City,Asia,https://www.topuniversities.com/sites/default/files/hiroshima-university_264_small.jpg
2017,130,hokkaido university,58,https://www.topuniversities.com/universities/hokkaido-university,Japan,Sapporo,Asia,https://www.topuniversities.com/sites/default/files/hokkaido-university_266_small.jpg
2017,278,hong kong baptist university,38,https://www.topuniversities.com/universities/hong-kong-baptist-university,Hong Kong SAR,Hong Kong,Asia,https://www.topuniversities.com/sites/default/files/hong-kong-baptist-university_893_small.jpg
2017,121,humboldt-universitã¤t zu berlin,59,https://www.topuniversities.com/universities/humboldt-universitat-zu-berlin,Germany,Berlin,Europe,https://www.topuniversities.com/sites/default/files/humboldt-universitt-zu-berlin_272_small.jpg
2017,9,imperial college london,95,https://www.topuniversities.com/universities/imperial-college-london,United Kingdom,London,Europe,https://www.topuniversities.com/sites/default/files/imperial-college-london_592560cf2aeae70239af4be8_small.jpg
2017,152,indian institute of science,54,https://www.topuniversities.com/universities/indian-institute-science,India,Bangalore,Asia,https://www.topuniversities.com/sites/default/files/indian-institute-of-science-iisc-bangalore_22878_small.jpg
2017,219,indian institute of technology bombay (iitb),45,https://www.topuniversities.com/universities/indian-institute-technology-bombay-iitb,India,Mumbai,Asia,https://www.topuniversities.com/sites/default/files/indian-institute-of-technology-bombay-iitb_281_small.jpg
2017,185,indian institute of technology delhi (iitd),49,https://www.topuniversities.com/universities/indian-institute-technology-delhi-iitd,India,New Delhi,Asia,https://www.topuniversities.com/sites/default/files/indian-institute-of-technology-delhi-iitd_282_small.jpg
2017,302,indian institute of technology kanpur (iitk),37,https://www.topuniversities.com/universities/indian-institute-technology-kanpur-iitk,India,Kanpur,Asia,https://www.topuniversities.com/sites/default/files/indian-institute-of-technology-kanpur-iitk_592560cf2aeae70239af4ba5_small.jpg
2017,313,indian institute of technology kharagpur (iit-kgp),36,https://www.topuniversities.com/universities/indian-institute-technology-kharagpur-iit-kgp,India,Kharagpur,Asia,https://www.topuniversities.com/sites/default/files/indian-institute-of-technology-kharagpur-iit-kgp_285_small.jpg
2017,249,indian institute of technology madras (iitm),41,https://www.topuniversities.com/universities/indian-institute-technology-madras-iitm,India,Chennai,Asia,https://www.topuniversities.com/sites/default/files/indian-institute-of-technology-madras-iitm_286_small.jpg
2017,399,indian institute of technology roorkee (iitr),31,https://www.topuniversities.com/universities/indian-institute-technology-roorkee-iitr,India,Roorkee,Asia,https://www.topuniversities.com/sites/default/files/indian-institute-of-technology-roorkee-iitr_287_small.jpg
2017,291,indiana university bloomington,38,https://www.topuniversities.com/universities/indiana-university-bloomington,United States,Bloomington,North America,https://www.topuniversities.com/sites/default/files/indiana-university-bloomington_289_small.jpg
2017,340,james cook university,35,https://www.topuniversities.com/universities/james-cook-university,Australia,Townsville,Oceania,https://www.topuniversities.com/sites/default/files/james-cook-university_833_small.jpg
2017,17,johns hopkins university,90,https://www.topuniversities.com/universities/johns-hopkins-university,United States,Baltimore,North America,https://www.topuniversities.com/sites/default/files/johns-hopkins-university_305_small.jpg
2017,46,kaist - korea advanced institute of science & technology,78,https://www.topuniversities.com/universities/kaist-korea-advanced-institute-science-technology,South Korea,Daejeon,Asia,https://www.topuniversities.com/sites/default/files/kaist-korea-advanced-institute-of-science-technology_324_small.jpg
2017,216,keio university,46,https://www.topuniversities.com/universities/keio-university,Japan,Tokyo,Asia,https://www.topuniversities.com/sites/default/files/keio-university_592560cf2aeae70239af4bbe_small.jpg
2017,283,king abdulaziz university (kau),38,https://www.topuniversities.com/universities/king-abdulaziz-university-kau,Saudi Arabia,Jeddah,Asia,https://www.topuniversities.com/sites/default/files/king-abdulaziz-university-kau_1172_small.jpg
2017,189,king fahd university of petroleum & minerals,49,https://www.topuniversities.com/universities/king-fahd-university-petroleum-minerals,Saudi Arabia,Dhahran,Asia,https://www.topuniversities.com/sites/default/files/king-fahd-university-of-petroleum-minerals_779_small.jpg
2017,227,king saud university,44,https://www.topuniversities.com/universities/king-saud-university,Saudi Arabia,Riyadh,Asia,https://www.topuniversities.com/sites/default/files/king-saud-university_1175_small.jpg
2017,21,king's college london,88,https://www.topuniversities.com/universities/kings-college-london,United Kingdom,London,Europe,https://www.topuniversities.com/sites/default/files/kings-college-london_357_small.jpg
2017,98,kit|| karlsruhe institute of technology,63,https://www.topuniversities.com/universities/kit-karlsruhe-institute-technology,Germany,Karlsruhe,Europe,https://www.topuniversities.com/sites/default/files/kit-karlsruhe-institute-of-technology_310_small.jpg
2017,369,kobe university,32,https://www.topuniversities.com/universities/kobe-university,Japan,Kobe City,Asia,https://www.topuniversities.com/sites/default/files/kobe-university_320_small.jpg
2017,98,korea university,63,https://www.topuniversities.com/universities/korea-university,South Korea,Seoul,Asia,https://www.topuniversities.com/sites/default/files/korea-university_325_small.jpg
2017,97,kth royal institute of technology ,64,https://www.topuniversities.com/universities/kth-royal-institute-technology,Sweden,Stockholm,Europe,https://www.topuniversities.com/sites/default/files/kth-royal-institute-of-technology-_592560cf2aeae70239af4c9b_small.jpg
2017,79,ku leuven,68,https://www.topuniversities.com/universities/ku-leuven,Belgium,Leuven,Europe,https://www.topuniversities.com/sites/default/files/ku-leuven_592560cf2aeae70239af4aec_small.jpg
2017,37,kyoto university,82,https://www.topuniversities.com/universities/kyoto-university,Japan,Kyoto,Asia,https://www.topuniversities.com/sites/default/files/kyoto-university_328_small.jpg
2017,264,kyung hee university,40,https://www.topuniversities.com/universities/kyung-hee-university,South Korea,,Asia,https://www.topuniversities.com/sites/default/files/kyung-hee-university_592560cf2aeae70239af4bcd_small.jpg
2017,135,kyushu university,57,https://www.topuniversities.com/universities/kyushu-university,Japan,Fukuoka City,Asia,https://www.topuniversities.com/sites/default/files/kyushu-university_331_small.jpg
2017,345,l.n. gumilyov eurasian national university (enu),34,https://www.topuniversities.com/universities/ln-gumilyov-eurasian-national-university-enu,Kazakhstan,Nur-Sultan,Asia,https://www.topuniversities.com/sites/default/files/l.n.-gumilyov-eurasian-national-university-enu_592560cf2aeae70239af52e8_small.jpg
2017,386,la trobe university,31,https://www.topuniversities.com/universities/la-trobe-university,Australia,Melbourne,Oceania,https://www.topuniversities.com/sites/default/files/la-trobe-university_592560cf2aeae70239af4bd1_small.jpg
2017,129,lancaster university,58,https://www.topuniversities.com/universities/lancaster-university,United Kingdom,Lancaster,Europe,https://www.topuniversities.com/sites/default/files/lancaster-university_335_small.jpg
2017,400,leibniz university hannover,31,https://www.topuniversities.com/universities/leibniz-university-hannover,Germany,Hanover,Europe,https://www.topuniversities.com/sites/default/files/leibniz-universitt-hannover_249_small.jpg
2017,102,leiden university,63,https://www.topuniversities.com/universities/leiden-university,Netherlands,Leiden,Europe,https://www.topuniversities.com/sites/default/files/leiden-university_340_small.jpg
2017,343,lincoln university ,34,https://www.topuniversities.com/universities/lincoln-university,New Zealand,Lincoln,Oceania,https://www.topuniversities.com/sites/default/files/lincoln-university-_592560cf2aeae70239af4ef3_small.jpg
2017,282,linkã¶ping university,38,https://www.topuniversities.com/universities/linkoping-university,Sweden,LinkÃ¶ping,Europe,https://www.topuniversities.com/sites/default/files/linkping-university_348_small.jpg
2017,108,lomonosov moscow state university,63,https://www.topuniversities.com/universities/lomonosov-moscow-state-university,Russia,Moscow,Europe,https://www.topuniversities.com/sites/default/files/lomonosov-moscow-state-university-_592560cf2aeae70239af4c27_small.jpg
2017,237,loughborough university,43,https://www.topuniversities.com/universities/loughborough-university,United Kingdom,Loughborough,Europe,https://www.topuniversities.com/sites/default/files/loughborough-university_592560cf2aeae70239af4bf3_small.jpg
2017,68,ludwig-maximilians-universitã¤t mã¼nchen,71,https://www.topuniversities.com/universities/ludwig-maximilians-universitat-munchen,Germany,Munich,Europe,https://www.topuniversities.com/sites/default/files/ludwig-maximilians-universitt-mnchen_420_small.jpg
2017,73,lund university,70,https://www.topuniversities.com/universities/lund-university,Sweden,Lund,Europe,https://www.topuniversities.com/sites/default/files/lund-university_371_small.jpg
2017,173,maastricht university ,51,https://www.topuniversities.com/universities/maastricht-university,Netherlands,Maastricht,Europe,https://www.topuniversities.com/sites/default/files/maastricht-university_377_small.jpg
2017,247,macquarie university,42,https://www.topuniversities.com/universities/macquarie-university,Australia,Sydney,Oceania,https://www.topuniversities.com/sites/default/files/macquarie-university_378_small.jpg
2017,283,mahidol university,38,https://www.topuniversities.com/universities/mahidol-university,Thailand,Nakhon Pathom,Asia,https://www.topuniversities.com/sites/default/files/mahidol-university_381_small.jpg
2017,1,massachusetts institute of technology (mit) ,100,https://www.topuniversities.com/universities/massachusetts-institute-technology-mit,United States,Cambridge,North America,https://www.topuniversities.com/sites/default/files/massachusetts-institute-of-technology-mit_410_small.jpg
2017,340,massey university,35,https://www.topuniversities.com/universities/massey-university,New Zealand,Palmerston North,Oceania,https://www.topuniversities.com/sites/default/files/massey-university_395_small.jpg
2017,30,mcgill university,85,https://www.topuniversities.com/universities/mcgill-university,Canada,Montreal,North America,https://www.topuniversities.com/sites/default/files/mcgill-university_592560cf2aeae70239af4c10_small.jpg
2017,149,mcmaster university,55,https://www.topuniversities.com/universities/mcmaster-university,Canada,Hamilton,North America,https://www.topuniversities.com/sites/default/files/mcmaster-university_397_small.jpg
2017,350,mgimo university,34,https://www.topuniversities.com/universities/mgimo-university,Russia,Moscow,Europe,https://www.topuniversities.com/sites/default/files/moscow-state-institute-of-international-relations-mgimo-university_2156_small.jpg
2017,160,michigan state university,53,https://www.topuniversities.com/universities/michigan-state-university,United States,East Lansing,North America,https://www.topuniversities.com/sites/default/files/michigan-state-university_402_small.jpg
2017,65,monash university,72,https://www.topuniversities.com/universities/monash-university,Australia,Melbourne,Oceania,https://www.topuniversities.com/sites/default/files/monash-university_412_small.jpg
2017,350,moscow institute of physics and technology (mipt / moscow phystech),34,https://www.topuniversities.com/universities/moscow-institute-physics-technology-mipt-moscow-phystech,Russia,Dolgoprudny,Europe,https://www.topuniversities.com/sites/default/files/moscow-institute-of-physics-and-technology-mipt-moscow-phystech_15270_small.jpg
2017,115,nagoya university,60,https://www.topuniversities.com/universities/nagoya-university,Japan,Nagoya,Asia,https://www.topuniversities.com/sites/default/files/nagoya-university_427_small.jpg
2017,115,nanjing university,60,https://www.topuniversities.com/universities/nanjing-university,China (Mainland),Nanjing,Asia,https://www.topuniversities.com/sites/default/files/nanjing-university_430_small.jpg
2017,315,nankai university,36,https://www.topuniversities.com/universities/nankai-university,China (Mainland),Tianjin,Asia,https://www.topuniversities.com/sites/default/files/nankai-university_882_small.jpg
2017,241,national cheng kung university (ncku),42,https://www.topuniversities.com/universities/national-cheng-kung-university-ncku,Taiwan,Tainan City,Asia,https://www.topuniversities.com/sites/default/files/national-cheng-kung-university-ncku_435_small.jpg
2017,174,national chiao tung university,51,https://www.topuniversities.com/universities/national-chiao-tung-university,Taiwan,Hsinchu City,Asia,https://www.topuniversities.com/sites/default/files/national-chiao-tung-university_437_small.jpg
2017,400,national research tomsk polytechnic university,31,https://www.topuniversities.com/universities/national-research-tomsk-polytechnic-university,Russia,,Europe,https://www.topuniversities.com/sites/default/files/national-research-tomsk-polytechnic-university_14158_small.jpg
2017,395,national sun yat-sen university,31,https://www.topuniversities.com/universities/national-sun-yat-sen-university,Taiwan,Kaohsiung City,Asia,https://www.topuniversities.com/sites/default/files/national-sun-yat-sen-university_439_small.jpg
2017,310,national taiwan normal university,36,https://www.topuniversities.com/universities/national-taiwan-normal-university,Taiwan,Taipei City,Asia,https://www.topuniversities.com/sites/default/files/national-taiwan-normal-university_440_small.jpg
2017,68,national taiwan university (ntu),71,https://www.topuniversities.com/universities/national-taiwan-university-ntu,Taiwan,Taipei City,Asia,https://www.topuniversities.com/sites/default/files/national-taiwan-university-ntu_592560cf2aeae70239af4c3c_small.jpg
2017,243,national taiwan university of science and technology (taiwan tech),42,https://www.topuniversities.com/universities/national-taiwan-university-science-technology-taiwan-tech,Taiwan,Taipei City,Asia,https://www.topuniversities.com/sites/default/files/national-taiwan-university-of-science-and-technology-taiwan-tech_590_small.jpg
2017,395,national technical university of athens,31,https://www.topuniversities.com/universities/national-technical-university-athens,Greece,Athens,Europe,https://www.topuniversities.com/sites/default/files/national-technical-university-of-athens_592560cf2aeae70239af4aa3_small.jpg
2017,151,national tsing hua university,54,https://www.topuniversities.com/universities/national-tsing-hua-university,Taiwan,Hsinchu City,Asia,https://www.topuniversities.com/sites/default/files/national-tsing-hua-university_442_small.jpg
2017,249,national university of ireland galway,41,https://www.topuniversities.com/universities/national-university-ireland-galway,Ireland,Galway,Europe,https://www.topuniversities.com/sites/default/files/national-university-of-ireland-galway_220_small.jpg
2017,12,national university of singapore (nus),92,https://www.topuniversities.com/universities/national-university-singapore-nus,Singapore,Singapore,Asia,https://www.topuniversities.com/sites/default/files/national-university-of-singapore-nus_443_small.jpg
2017,308,national yang ming university,37,https://www.topuniversities.com/universities/national-yang-ming-university,Taiwan,Taipei City,Asia,https://www.topuniversities.com/sites/default/files/national-yang-ming-university_444_small.jpg
2017,46,new york university (nyu),78,https://www.topuniversities.com/universities/new-york-university-nyu,United States,New York City,North America,https://www.topuniversities.com/sites/default/files/new-york-university-nyu_448_small.jpg
2017,168,newcastle university,52,https://www.topuniversities.com/universities/newcastle-university,United Kingdom,Newcastle upon Tyne,Europe,https://www.topuniversities.com/sites/default/files/newcastle-university_592560cf2aeae70239af4c45_small.jpg
2017,277,north carolina state university,38,https://www.topuniversities.com/universities/north-carolina-state-university,United States,Raleigh,North America,https://www.topuniversities.com/sites/default/files/north-carolina-state-university_592560cf2aeae70239af4c2a_small.jpg
2017,361,northeastern university,33,https://www.topuniversities.com/universities/northeastern-university,United States,Boston,North America,https://www.topuniversities.com/sites/default/files/northeastern-university_454_small.jpg
2017,26,northwestern university,86,https://www.topuniversities.com/universities/northwestern-university,United States,Evanston,North America,https://www.topuniversities.com/sites/default/files/northwestern-university_592560cf2aeae70239af4c50_small.jpg
2017,259,norwegian university of science and technology,40,https://www.topuniversities.com/universities/norwegian-university-science-technology,Norway,Trondheim,Europe,https://www.topuniversities.com/sites/default/files/norwegian-university-of-science-and-technology_457_small.jpg
2017,291,novosibirsk state university,38,https://www.topuniversities.com/universities/novosibirsk-state-university,Russia,Novosibirsk ,Europe,https://www.topuniversities.com/sites/default/files/novosibirsk-state-university_462_small.jpg
2017,63,osaka university,72,https://www.topuniversities.com/universities/osaka-university,Japan,Osaka City,Asia,https://www.topuniversities.com/sites/default/files/osaka-university_472_small.jpg
2017,359,oxford brookes university,33,https://www.topuniversities.com/universities/oxford-brookes-university,United Kingdom,,Europe,https://www.topuniversities.com/sites/default/files/oxford-brookes-university_592560cf2aeae70239af4c61_small.jpg
2017,39,peking university,82,https://www.topuniversities.com/universities/peking-university,China (Mainland),Beijing,Asia,https://www.topuniversities.com/sites/default/files/peking-university_50_small.jpg
2017,95,pennsylvania state university,64,https://www.topuniversities.com/universities/pennsylvania-state-university,United States,University Park,North America,https://www.topuniversities.com/sites/default/files/pennsylvania-state-university_494_small.jpg
2017,83,pohang university of science and technology (postech),67,https://www.topuniversities.com/universities/pohang-university-science-technology-postech,South Korea,Pohang ,Asia,https://www.topuniversities.com/sites/default/files/pohang-university-of-science-and-technology-postech_592560cf2aeae70239af4c7b_small.jpg
2017,183,politecnico di milano,49,https://www.topuniversities.com/universities/politecnico-di-milano,Italy,Milan,Europe,https://www.topuniversities.com/sites/default/files/politecnico-di-milano_592560cf2aeae70239af4c1c_small.jpg
2017,305,politecnico di torino,37,https://www.topuniversities.com/universities/politecnico-di-torino,Italy,Turin,Europe,https://www.topuniversities.com/sites/default/files/politecnico-di-torino_633_small.jpg
2017,310,pontificia universidad catã³lica argentina,36,https://www.topuniversities.com/universities/pontificia-universidad-catolica-argentina,Argentina,Buenos Aires,Latin America,https://www.topuniversities.com/sites/default/files/pontificia-universidad-catlica-argentina_592560cf2aeae70239af5486_small.jpg
2017,147,pontificia universidad catã³lica de chile (uc),55,https://www.topuniversities.com/universities/pontificia-universidad-cat%C3%B3lica-de-chile-uc,Chile,Santiago,Latin America,https://www.topuniversities.com/sites/default/files/pontificia-universidad-catlica-de-chile-uc_107_small.jpg
2017,11,princeton university,93,https://www.topuniversities.com/universities/princeton-university,United States,Princeton,North America,https://www.topuniversities.com/sites/default/files/princeton-university_508_small.jpg
2017,92,purdue university,65,https://www.topuniversities.com/universities/purdue-university,United States,West Lafayette,North America,https://www.topuniversities.com/sites/default/files/purdue-university_510_small.jpg
2017,393,qatar university,31,https://www.topuniversities.com/universities/qatar-university,Qatar,Doha,Asia,https://www.topuniversities.com/sites/default/files/qatar-university_2537_small.jpg
2017,123,queen mary university of london,59,https://www.topuniversities.com/universities/queen-mary-university-london,United Kingdom,London,Europe,https://www.topuniversities.com/sites/default/files/queen-mary-university-of-london_592560cf2aeae70239af4bea_small.jpg
2017,223,queen's university at kingston,44,https://www.topuniversities.com/universities/queens-university-kingston,Canada,Kingston,North America,https://www.topuniversities.com/sites/default/files/queens-university-at-kingston_513_small.jpg
2017,195,queen's university belfast,48,https://www.topuniversities.com/universities/queens-university-belfast,United Kingdom,,Europe,https://www.topuniversities.com/sites/default/files/queens-university-belfast_592560cf2aeae70239af4c86_small.jpg
2017,276,queensland university of technology (qut),39,https://www.topuniversities.com/universities/queensland-university-technology-qut,Australia,Brisbane,Oceania,https://www.topuniversities.com/sites/default/files/queensland-university-of-technology-qut_592560cf2aeae70239af4c88_small.jpg
2017,190,radboud university ,49,https://www.topuniversities.com/universities/radboud-university,Netherlands,Nijmegen,Europe,https://www.topuniversities.com/sites/default/files/radboud-university_452_small.jpg
2017,310,rensselaer polytechnic institute,36,https://www.topuniversities.com/universities/rensselaer-polytechnic-institute,United States,Troy,North America,https://www.topuniversities.com/sites/default/files/rensselaer-polytechnic-institute_522_small.jpg
2017,231,rheinische friedrich-wilhelms-universitã¤t bonn,43,https://www.topuniversities.com/universities/rheinische-friedrich-wilhelms-universitat-bonn,Germany,Bonn,Europe,https://www.topuniversities.com/sites/default/files/rheinische-friedrich-wilhelms-universitt-bonn_592560cf2aeae70239af4ac1_small.jpg
2017,90,rice university,65,https://www.topuniversities.com/universities/rice-university,United States,Houston,North America,https://www.topuniversities.com/sites/default/files/rice-university_524_small.jpg
2017,252,rmit university,41,https://www.topuniversities.com/universities/rmit-university,Australia,Melbourne,Oceania,https://www.topuniversities.com/sites/default/files/rmit-university_592560cf2aeae70239af4c95_small.jpg
2017,235,royal holloway university of london,43,https://www.topuniversities.com/universities/royal-holloway-university-london,United Kingdom,Egham,Europe,https://www.topuniversities.com/sites/default/files/royal-holloway-university-of-london_534_small.jpg
2017,72,ruprecht-karls-universitã¤t heidelberg,70,https://www.topuniversities.com/universities/ruprecht-karls-universitat-heidelberg,Germany,Heidelberg,Europe,https://www.topuniversities.com/sites/default/files/ruprecht-karls-universitaet-heidelberg_259_small.jpg
2017,301,rutgers university–new brunswick,37,https://www.topuniversities.com/universities/rutgers-university-new-brunswick,United States,New Brunswick,North America,https://www.topuniversities.com/sites/default/files/rutgers-university-new-brunswick_538_small.jpg
2017,146,rwth aachen university,55,https://www.topuniversities.com/universities/rwth-aachen-university,Germany,Aachen,Europe,https://www.topuniversities.com/sites/default/files/rwth-aachen-university_4_small.jpg
2017,258,saint petersburg state university,41,https://www.topuniversities.com/universities/saint-petersburg-state-university,Russia,Saint Petersburg,Europe,https://www.topuniversities.com/sites/default/files/saint-petersburg-state-university_592560cf2aeae70239af4cc0_small.jpg
2017,223,sapienza university of rome,44,https://www.topuniversities.com/universities/sapienza-university-rome,Italy,Rome,Europe,https://www.topuniversities.com/sites/default/files/sapienza-university-of-rome_592560cf2aeae70239af4c97_small.jpg
2017,220,sciences po ,45,https://www.topuniversities.com/universities/sciences-po,France,Paris,Europe,https://www.topuniversities.com/sites/default/files/sciences-po-_592560cf2aeae70239af4c64_small.jpg
2017,35,seoul national university,83,https://www.topuniversities.com/universities/seoul-national-university,South Korea,Seoul,Asia,https://www.topuniversities.com/sites/default/files/graduate-school-of-business-seoul-national-university_553_small.jpg
2017,61,shanghai jiao tong university,73,https://www.topuniversities.com/universities/shanghai-jiao-tong-university,China (Mainland),Shanghai,Asia,https://www.topuniversities.com/sites/default/files/shanghai-jiao-tong-university_556_small.jpg
2017,226,simon fraser university,44,https://www.topuniversities.com/universities/simon-fraser-university,Canada,Burnaby,North America,https://www.topuniversities.com/sites/default/files/simon-fraser-university_562_small.jpg
2017,252,soas university of london ,41,https://www.topuniversities.com/universities/soas-university-london,United Kingdom,London,Europe,https://www.topuniversities.com/sites/default/files/soas-university-of-london-_592560cf2aeae70239af4bf0_small.jpg
2017,2,stanford university,99,https://www.topuniversities.com/universities/stanford-university,United States,Stanford,North America,https://www.topuniversities.com/sites/default/files/stanford-university_573_small.jpg
2017,395,stellenbosch university,31,https://www.topuniversities.com/universities/stellenbosch-university,South Africa,Stellenbosch,Africa,https://www.topuniversities.com/sites/default/files/stellenbosch-university_574_small.jpg
2017,196,stockholm university,48,https://www.topuniversities.com/universities/stockholm-university,Sweden,Stockholm,Europe,https://www.topuniversities.com/sites/default/files/stockholm-university_577_small.jpg
2017,390,stony brook university|| state university of new york,31,https://www.topuniversities.com/universities/stony-brook-university-state-university-new-york,United States,Stony Brook,North America,https://www.topuniversities.com/sites/default/files/stony-brook-university-state-university-of-new-york_592560cf2aeae70239af4ccb_small.jpg
2017,297,sun yat-sen university,37,https://www.topuniversities.com/universities/sun-yat-sen-university,China (Mainland),Guangzhou,Asia,https://www.topuniversities.com/sites/default/files/sun-yat-sen-university_888_small.jpg
2017,106,sungkyunkwan university(skku),63,https://www.topuniversities.com/universities/sungkyunkwan-universityskku,South Korea,Suwon,Asia,https://www.topuniversities.com/sites/default/files/sungkyunkwan-universityskku_592560cf2aeae70239af4cc9_small.jpg
2017,390,swansea university,31,https://www.topuniversities.com/universities/swansea-university,United Kingdom,Swansea,Europe,https://www.topuniversities.com/sites/default/files/swansea-university_592560cf2aeae70239af4cce_small.jpg
2017,319,tampere university of technology ,36,https://www.topuniversities.com/universities/tampere-university-technology,Finland,Tampere,Europe,https://www.topuniversities.com/sites/default/files/tampere-university-of-technology_1269_small.jpg
2017,247,technical university of darmstadt,42,https://www.topuniversities.com/universities/technical-university-darmstadt,Germany,Darmstadt,Europe,https://www.topuniversities.com/sites/default/files/technische-universitt-darmstadt_628_small.jpg
2017,109,technical university of denmark,62,https://www.topuniversities.com/universities/technical-university-denmark,Denmark,Kongens Lyngby,Europe,https://www.topuniversities.com/sites/default/files/technical-university-of-denmark_592560cf2aeae70239af4cd8_small.jpg
2017,60,technical university of munich,73,https://www.topuniversities.com/universities/technical-university-munich,Germany,Munich,Europe,https://www.topuniversities.com/sites/default/files/technical-university-of-munich_599_small.jpg
2017,213,technion - israel institute of technology,46,https://www.topuniversities.com/universities/technion-israel-institute-technology,Israel,Haifa,Asia,https://www.topuniversities.com/sites/default/files/technion-israel-institute-of-technology_600_small.jpg
2017,164,technische universitã¤t berlin (tu berlin),53,https://www.topuniversities.com/universities/technische-universitat-berlin-tu-berlin,Germany,Berlin,Europe,https://www.topuniversities.com/sites/default/files/technische-universitt-berlin-tu-berlin_595_small.jpg
2017,210,technische universitã¤t dresden,46,https://www.topuniversities.com/universities/technische-universitat-dresden,Germany,Dresden,Europe,https://www.topuniversities.com/sites/default/files/technische-universitt-dresden_598_small.jpg
2017,183,technische universitã¤t wien,49,https://www.topuniversities.com/universities/vienna-university-technology,Austria,Vienna,Europe,https://www.topuniversities.com/sites/default/files/vienna-university-of-technology_653_small.jpg
2017,206,tecnolã³gico de monterrey,47,https://www.topuniversities.com/universities/tecnologico-de-monterrey,Mexico,Monterrey,Latin America,https://www.topuniversities.com/sites/default/files/instituto-tecnolgico-y-de-estudios-superiores-de-monterrey_592560cf2aeae70239af4cd6_small.jpg
2017,212,tel aviv university,46,https://www.topuniversities.com/universities/tel-aviv-university,Israel,Tel Aviv,Asia,https://www.topuniversities.com/sites/default/files/tel-aviv-university_592560cf2aeae70239af4cde_small.jpg
2017,160,texas a&m university,53,https://www.topuniversities.com/universities/texas-am-university,United States,Galveston,North America,https://www.topuniversities.com/sites/default/files/texas-am-university_592560cf2aeae70239af4ce2_small.jpg
2017,365,the american university in cairo,33,https://www.topuniversities.com/universities/american-university-cairo,Egypt,Cairo,Africa,https://www.topuniversities.com/sites/default/files/the-american-university-in-cairo_36_small.jpg
2017,22,the australian national university,88,https://www.topuniversities.com/universities/australian-national-university,Australia,Canberra,Oceania,https://www.topuniversities.com/sites/default/files/the-australian-national-university_40_small.jpg
2017,44,the chinese university of hong kong (cuhk),79,https://www.topuniversities.com/universities/chinese-university-hong-kong-cuhk,Hong Kong SAR,Hong Kong,Asia,https://www.topuniversities.com/sites/default/files/the-chinese-university-of-hong-kong-cuhk_123_small.jpg
2017,148,the hebrew university of jerusalem,55,https://www.topuniversities.com/universities/hebrew-university-jerusalem,Israel,Jerusalem,Asia,https://www.topuniversities.com/sites/default/files/the-hebrew-university-of-jerusalem_256_small.jpg
2017,111,the hong kong polytechnic university,62,https://www.topuniversities.com/universities/hong-kong-polytechnic-university,Hong Kong SAR,Hong Kong,Asia,https://www.topuniversities.com/sites/default/files/the-hong-kong-polytechnic-university_267_small.jpg
2017,36,the hong kong university of science and technology,82,https://www.topuniversities.com/universities/hong-kong-university-science-technology,Hong Kong SAR,Hong Kong,Asia,https://www.topuniversities.com/sites/default/files/the-hong-kong-university-of-science-and-technology_269_small.jpg
2017,37,the london school of economics and political science (lse),82,https://www.topuniversities.com/universities/london-school-economics-political-science-lse,United Kingdom,London,Europe,https://www.topuniversities.com/sites/default/files/london-school-of-economics-and-political-science-lse_362_small.jpg
2017,88,the ohio state university,66,https://www.topuniversities.com/universities/ohio-state-university,United States,Columbus,North America,https://www.topuniversities.com/sites/default/files/the-ohio-state-university_465_small.jpg
2017,125,the university of adelaide,59,https://www.topuniversities.com/universities/university-adelaide,Australia,Adelaide,Oceania,https://www.topuniversities.com/sites/default/files/the-university-of-adelaide_10_small.jpg
2017,233,the university of arizona,43,https://www.topuniversities.com/universities/university-arizona,United States,Tucson,North America,https://www.topuniversities.com/sites/default/files/the-university-of-arizona_26_small.jpg
2017,81,the university of auckland,68,https://www.topuniversities.com/universities/university-auckland,New Zealand,Auckland,Oceania,https://www.topuniversities.com/sites/default/files/the-university-of-auckland_592560cf2aeae70239af4aa8_small.jpg
2017,19,the university of edinburgh,89,https://www.topuniversities.com/universities/university-edinburgh,United Kingdom,Edinburgh,Europe,https://www.topuniversities.com/sites/default/files/the-university-of-edinburgh_180_small.jpg
2017,164,the university of exeter,53,https://www.topuniversities.com/universities/university-exeter,United Kingdom,Exeter,Europe,https://www.topuniversities.com/sites/default/files/the-university-of-exeter_204_small.jpg
2017,27,the university of hong kong,86,https://www.topuniversities.com/universities/university-hong-kong,Hong Kong SAR,Hong Kong,Asia,https://www.topuniversities.com/sites/default/files/the-university-of-hong-kong_268_small.jpg
2017,29,the university of manchester,85,https://www.topuniversities.com/universities/university-manchester,United Kingdom,Manchester,Europe,https://www.topuniversities.com/sites/default/files/the-university-of-manchester_389_small.jpg
2017,42,the university of melbourne,80,https://www.topuniversities.com/universities/university-melbourne,Australia,Parkville,Oceania,https://www.topuniversities.com/sites/default/files/the-university-of-melbourne_399_small.jpg
2017,49,the university of new south wales (unsw sydney),78,https://www.topuniversities.com/universities/university-new-south-wales-unsw-sydney,Australia,Sydney,Oceania,https://www.topuniversities.com/sites/default/files/the-university-of-new-south-wales-unsw-sydney_447_small.jpg
2017,245,the university of newcastle|| australia (uon),42,https://www.topuniversities.com/universities/university-newcastle-australia-uon,Australia,Callaghan,Oceania,https://www.topuniversities.com/sites/default/files/the-university-of-newcastle-australia-uon_449_small.jpg
2017,51,the university of queensland,78,https://www.topuniversities.com/universities/university-queensland,Australia,Brisbane,Oceania,https://www.topuniversities.com/sites/default/files/the-university-of-queensland_515_small.jpg
2017,84,the university of sheffield,67,https://www.topuniversities.com/universities/university-sheffield,United Kingdom,Sheffield,Europe,https://www.topuniversities.com/sites/default/files/the-university-of-sheffield_592560cf2aeae70239af4cb1_small.jpg
2017,46,the university of sydney,78,https://www.topuniversities.com/universities/university-sydney,Australia,Sydney,Oceania,https://www.topuniversities.com/sites/default/files/the-university-of-sydney_592560cf2aeae70239af4cd0_small.jpg
2017,34,the university of tokyo,83,https://www.topuniversities.com/universities/university-tokyo,Japan,Tokyo,Asia,https://www.topuniversities.com/sites/default/files/the-university-of-tokyo_615_small.jpg
2017,51,the university of warwick,78,https://www.topuniversities.com/universities/university-warwick,United Kingdom,Coventry,Europe,https://www.topuniversities.com/sites/default/files/the-university-of-warwick_664_small.jpg
2017,102,the university of western australia,63,https://www.topuniversities.com/universities/university-western-australia,Australia,Perth,Oceania,https://www.topuniversities.com/sites/default/files/the-university-of-western-australia_673_small.jpg
2017,330,tilburg university,35,https://www.topuniversities.com/universities/tilburg-university,Netherlands,Tilburg,Europe,https://www.topuniversities.com/sites/default/files/tilburg-university_592560cf2aeae70239af4ce5_small.jpg
2017,75,tohoku university,69,https://www.topuniversities.com/universities/tohoku-university,Japan,Sendai City,Asia,https://www.topuniversities.com/sites/default/files/tohoku-university_611_small.jpg
2017,56,tokyo institute of technology (tokyo tech),75,https://www.topuniversities.com/universities/tokyo-institute-technology-tokyo-tech,Japan,Tokyo,Asia,https://www.topuniversities.com/sites/default/files/tokyo-institute-of-technology_592560cf2aeae70239af4ceb_small.jpg
2017,329,tokyo medical and dental university (tmdu),35,https://www.topuniversities.com/universities/tokyo-medical-dental-university-tmdu,Japan,Tokyo,Asia,https://www.topuniversities.com/sites/default/files/tokyo-medical-and-dental-university-tmdu_592560cf2aeae70239af4e8a_small.jpg
2017,377,tomsk state university,32,https://www.topuniversities.com/universities/tomsk-state-university,Russia,Tomsk,Europe,https://www.topuniversities.com/sites/default/files/tomsk-state-university_616_small.jpg
2017,315,tongji university,36,https://www.topuniversities.com/universities/tongji-university,China (Mainland),Shanghai,Asia,https://www.topuniversities.com/sites/default/files/tongji-university_617_small.jpg
2017,98,trinity college dublin|| the university of dublin,63,https://www.topuniversities.com/universities/trinity-college-dublin-university-dublin,Ireland,Dublin,Europe,https://www.topuniversities.com/sites/default/files/trinity-college-dublin-the-university-of-dublin_167_small.jpg
2017,24,tsinghua university,86,https://www.topuniversities.com/universities/tsinghua-university,China (Mainland),Beijing,Asia,https://www.topuniversities.com/sites/default/files/tsinghua-university_626_small.jpg
2017,238,tufts university,43,https://www.topuniversities.com/universities/tufts-university,United States,Medford,North America,https://www.topuniversities.com/sites/default/files/tufts-university_630_small.jpg
2017,7,ucl,96,https://www.topuniversities.com/universities/ucl,United Kingdom,London,Europe,https://www.topuniversities.com/sites/default/files/ucl_592560cf2aeae70239af4bf1_small.jpg
2017,294,umea university,38,https://www.topuniversities.com/universities/umea-university,Sweden,Umeå,Europe,https://www.topuniversities.com/sites/default/files/umea-university_639_small.jpg
2017,308,universidad austral,37,https://www.topuniversities.com/universities/universidad-austral,Argentina,Pilar,Latin America,https://www.topuniversities.com/sites/default/files/universidad-austral_38_small.jpg
2017,210,universidad autã³noma de madrid,46,https://www.topuniversities.com/universities/universidad-autonoma-de-madrid,Spain,Madrid,Europe,https://www.topuniversities.com/sites/default/files/universidad-autnoma-de-madrid_379_small.jpg
2017,280,universidad carlos iii de madrid (uc3m),38,https://www.topuniversities.com/universities/universidad-carlos-iii-de-madrid-uc3m,Spain,Madrid,Europe,https://www.topuniversities.com/sites/default/files/universidad-carlos-iii-de-madrid-uc3m_1509_small.jpg
2017,352,universidad de belgrano,34,https://www.topuniversities.com/universities/universidad-de-belgrano,Argentina,Buenos Aires,Latin America,https://www.topuniversities.com/sites/default/files/universidad-de-belgrano_51_small.jpg
2017,85,universidad de buenos aires (uba),66,https://www.topuniversities.com/universities/universidad-de-buenos-aires-uba,Argentina,Buenos Aires,Latin America,https://www.topuniversities.com/sites/default/files/universidad-de-buenos-aires-uba_78_small.jpg
2017,200,universidad de chile,47,https://www.topuniversities.com/universities/universidad-de-chile,Chile,Santiago,Latin America,https://www.topuniversities.com/sites/default/files/universidad-de-chile_121_small.jpg
2017,272,universidad de los andes,39,https://www.topuniversities.com/universities/universidad-de-los-andes,Colombia,Bogotá,Latin America,https://www.topuniversities.com/sites/default/files/universidad-de-los-andes_592560cf2aeae70239af4bf6_small.jpg
2017,128,universidad nacional autã³noma de mã©xico  (unam),59,https://www.topuniversities.com/universities/universidad-nacional-autonoma-de-mexico-unam,Mexico,Mexico City,Latin America,https://www.topuniversities.com/sites/default/files/universidad-nacional-autnoma-de-mxico-unam_425_small.jpg
2017,269,universidad nacional de colombia,39,https://www.topuniversities.com/universities/universidad-nacional-de-colombia,Colombia,Bogotá,Latin America,https://www.topuniversities.com/sites/default/files/universidad-nacional-de-colombia_592560cf2aeae70239af4b0b_small.jpg
2017,120,universidade de sã£o paulo,59,https://www.topuniversities.com/universities/universidade-de-sao-paulo,Brazil,SÃ£o Paulo,Latin America,https://www.topuniversities.com/sites/default/files/universidade-de-so-paulo_550_small.jpg
2017,191,universidade estadual de campinas (unicamp),48,https://www.topuniversities.com/universities/universidade-estadual-de-campinas-unicamp,Brazil,Campinas,Latin America,https://www.topuniversities.com/sites/default/files/universidade-estadual-de-campinas-unicamp_96_small.jpg
2017,321,universidade federal do rio de janeiro,36,https://www.topuniversities.com/universities/universidade-federal-do-rio-de-janeiro,Brazil,Rio de Janeiro,Latin America,https://www.topuniversities.com/sites/default/files/universidade-federal-do-rio-de-janeiro_525_small.jpg
2017,366,universidade nova de lisboa,33,https://www.topuniversities.com/universities/universidade-nova-de-lisboa,Portugal,Lisbon,Europe,https://www.topuniversities.com/sites/default/files/universidade-nova-de-lisboa_460_small.jpg
2017,325,universitas indonesia,35,https://www.topuniversities.com/universities/universitas-indonesia,Indonesia,Depok,Asia,https://www.topuniversities.com/sites/default/files/universitas-indonesia_290_small.jpg
2017,203,universitat autã²noma de barcelona,47,https://www.topuniversities.com/universities/universitat-autonoma-de-barcelona,Spain,Barcelona,Europe,https://www.topuniversities.com/sites/default/files/universitat-autnoma-de-barcelona_592560cf2aeae70239af4ab0_small.jpg
2017,160,universitat de barcelona,53,https://www.topuniversities.com/universities/universitat-de-barcelona,Spain,Barcelona,Europe,https://www.topuniversities.com/sites/default/files/university-of-barcelona_592560cf2aeae70239af4aaf_small.jpg
2017,321,universitat politã¨cnica de catalunya â· barcelonatech (upc),36,https://www.topuniversities.com/universities/universitat-politecnica-de-catalunya-barcelonatech-upc,Spain,Barcelona,Europe,https://www.topuniversities.com/sites/default/files/universitat-politcnica-de-catalunya_103_small.jpg
2017,283,universitat pompeu fabra (barcelona),38,https://www.topuniversities.com/universities/universitat-pompeu-fabra,Spain,Barcelona,Europe,https://www.topuniversities.com/sites/default/files/universitat-pompeu-fabra_504_small.jpg
2017,216,universite libre de bruxelles,46,https://www.topuniversities.com/universities/universite-libre-de-bruxelles,Belgium,Brussels,Europe,https://www.topuniversities.com/sites/default/files/universite-libre-de-bruxelles_75_small.jpg
2017,302,universiti kebangsaan malaysia (ukm),37,https://www.topuniversities.com/universities/universiti-kebangsaan-malaysia-ukm,Malaysia,Bangi,Asia,https://www.topuniversities.com/sites/default/files/universiti-kebangsaan-malaysia-ukm_384_small.jpg
2017,133,universiti malaya (um),58,https://www.topuniversities.com/universities/universiti-malaya-um,Malaysia,Kuala Lumpur,Asia,https://www.topuniversities.com/sites/default/files/universiti-malaya-um_383_small.jpg
2017,270,universiti putra malaysia (upm),39,https://www.topuniversities.com/universities/universiti-putra-malaysia-upm,Malaysia,Seri Kembangan,Asia,https://www.topuniversities.com/sites/default/files/universiti-putra-malaysia-upm_385_small.jpg
2017,330,universiti sains malaysia (usm),35,https://www.topuniversities.com/universities/universiti-sains-malaysia-usm,Malaysia,Gelugor,Asia,https://www.topuniversities.com/sites/default/files/universiti-sains-malaysia-usm_386_small.jpg
2017,288,universiti teknologi malaysia ,38,https://www.topuniversities.com/universities/universiti-teknologi-malaysia,Malaysia,Skudai,Asia,https://www.topuniversities.com/sites/default/files/universiti-teknologi-malaysia_387_small.jpg
2017,283,university college cork,38,https://www.topuniversities.com/universities/university-college-cork,Ireland,Cork,Europe,https://www.topuniversities.com/sites/default/files/university-college-cork_142_small.jpg
2017,176,university college dublin,50,https://www.topuniversities.com/universities/university-college-dublin,Ireland,Dublin,Europe,https://www.topuniversities.com/sites/default/files/university-college-dublin_166_small.jpg
2017,141,university of aberdeen,56,https://www.topuniversities.com/universities/university-aberdeen,United Kingdom,Aberdeen,Europe,https://www.topuniversities.com/sites/default/files/university-of-aberdeen_592560cf2aeae70239af4a8b_small.jpg
2017,94,university of alberta,64,https://www.topuniversities.com/universities/university-alberta,Canada,Edmonton,North America,https://www.topuniversities.com/sites/default/files/university-of-alberta_15_small.jpg
2017,57,university of amsterdam,75,https://www.topuniversities.com/universities/university-amsterdam,Netherlands,Amsterdam,Europe,https://www.topuniversities.com/sites/default/files/university-of-amsterdam_18_small.jpg
2017,209,university of antwerp,46,https://www.topuniversities.com/universities/university-antwerp,Belgium,Antwerp,Europe,https://www.topuniversities.com/sites/default/files/university-of-antwerp_21_small.jpg
2017,141,university of basel,56,https://www.topuniversities.com/universities/university-basel,Switzerland,Basel,Europe,https://www.topuniversities.com/sites/default/files/university-of-basel_46_small.jpg
2017,159,university of bath,53,https://www.topuniversities.com/universities/university-bath,United Kingdom,Bath,Europe,https://www.topuniversities.com/sites/default/files/university-of-bath_47_small.jpg
2017,177,university of bergen,50,https://www.topuniversities.com/universities/university-bergen,Norway,Bergen,Europe,https://www.topuniversities.com/sites/default/files/university-of-bergen_53_small.jpg
2017,181,university of bern,50,https://www.topuniversities.com/universities/university-bern,Switzerland,Bern,Europe,https://www.topuniversities.com/sites/default/files/university-of-bern_55_small.jpg
2017,82,university of birmingham,68,https://www.topuniversities.com/universities/university-birmingham,United Kingdom,Birmingham,Europe,https://www.topuniversities.com/sites/default/files/university-of-birmingham_59_small.jpg
2017,41,university of bristol,80,https://www.topuniversities.com/universities/university-bristol,United Kingdom,Bristol,Europe,https://www.topuniversities.com/sites/default/files/university-of-bristol_69_small.jpg
2017,45,university of british columbia,78,https://www.topuniversities.com/universities/university-british-columbia,Canada,Vancouver,North America,https://www.topuniversities.com/sites/default/files/university-of-british-columbia_70_small.jpg
2017,196,university of calgary,48,https://www.topuniversities.com/universities/university-calgary,Canada,Calgary,North America,https://www.topuniversities.com/sites/default/files/university-of-calgary_592560cf2aeae70239af4ad5_small.jpg
2017,28,university of california|| berkeley (ucb),86,https://www.topuniversities.com/universities/university-california-berkeley-ucb,United States,Berkeley,North America,https://www.topuniversities.com/sites/default/files/university-of-california-berkeley-ucb_84_small.jpg
2017,85,university of california|| davis,66,https://www.topuniversities.com/universities/university-california-davis,United States,Davis,North America,https://www.topuniversities.com/sites/default/files/university-of-california-davis_592560cf2aeae70239af4ad8_small.jpg
2017,156,university of california|| irvine,54,https://www.topuniversities.com/universities/university-california-irvine,United States,Irvine,North America,https://www.topuniversities.com/sites/default/files/university-of-california-irvine_86_small.jpg
2017,31,university of california|| los angeles (ucla),84,https://www.topuniversities.com/universities/university-california-los-angeles-ucla,United States,Los Angeles,North America,https://www.topuniversities.com/sites/default/files/university-of-california-los-angeles-ucla_87_small.jpg
2017,271,university of california|| riverside,39,https://www.topuniversities.com/universities/university-california-riverside,United States,Riverside,North America,https://www.topuniversities.com/sites/default/files/university-of-california-riverside_88_small.jpg
2017,40,university of california|| san diego (ucsd),81,https://www.topuniversities.com/universities/university-california-san-diego-ucsd,United States,San Diego,North America,https://www.topuniversities.com/sites/default/files/university-of-california-san-diego-ucsd_89_small.jpg
2017,118,university of california|| santa barbara (ucsb),60,https://www.topuniversities.com/universities/university-california-santa-barbara-ucsb,United States,Santa Barbara,North America,https://www.topuniversities.com/sites/default/files/university-of-california-santa-barbara-ucsb_91_small.jpg
2017,296,university of california|| santa cruz,38,https://www.topuniversities.com/universities/university-california-santa-cruz,United States,Santa Cruz,North America,https://www.topuniversities.com/sites/default/files/university-of-california-santa-cruz_92_small.jpg
2017,4,university of cambridge,98,https://www.topuniversities.com/universities/university-cambridge,United Kingdom,Cambridge,Europe,https://www.topuniversities.com/sites/default/files/university-of-cambridge_95_small.jpg
2017,214,university of canterbury,46,https://www.topuniversities.com/universities/university-canterbury,New Zealand,Christchurch,Oceania,https://www.topuniversities.com/sites/default/files/university-of-canterbury_97_small.jpg
2017,191,university of cape town,48,https://www.topuniversities.com/universities/university-cape-town,South Africa,Cape Town,Africa,https://www.topuniversities.com/sites/default/files/uct-graduate-school-of-business_592560cf2aeae70239af4ae5_small.jpg
2017,10,university of chicago,93,https://www.topuniversities.com/universities/university-chicago,United States,Chicago,North America,https://www.topuniversities.com/sites/default/files/university-of-chicago_120_small.jpg
2017,347,university of cologne,34,https://www.topuniversities.com/universities/university-cologne,Germany,Cologne,Europe,https://www.topuniversities.com/sites/default/files/university-of-cologne_592560cf2aeae70239af4bc6_small.jpg
2017,170,university of colorado boulder,52,https://www.topuniversities.com/universities/university-colorado-boulder,United States,Boulder,North America,https://www.topuniversities.com/sites/default/files/university-of-colorado-boulder_137_small.jpg
2017,374,university of colorado|| denver ,32,https://www.topuniversities.com/universities/university-colorado-denver,United States,Denver,North America,https://www.topuniversities.com/sites/default/files/university-of-colorado-denver_2116_small.jpg
2017,68,university of copenhagen,71,https://www.topuniversities.com/universities/university-copenhagen,Denmark,Copenhagen,Europe,https://www.topuniversities.com/sites/default/files/university-of-copenhagen_141_small.jpg
2017,252,university of east anglia (uea),41,https://www.topuniversities.com/universities/university-east-anglia-uea,United Kingdom,Norwich,Europe,https://www.topuniversities.com/sites/default/files/university-of-east-anglia-uea_637_small.jpg
2017,382,university of eastern finland,32,https://www.topuniversities.com/universities/university-eastern-finland,Finland,Kuopio,Europe,https://www.topuniversities.com/sites/default/files/university-of-eastern-finland_592560cf2aeae70239af4bcb_small.jpg
2017,185,university of florida,49,https://www.topuniversities.com/universities/university-florida,United States,Gainesville,North America,https://www.topuniversities.com/sites/default/files/university-of-florida_212_small.jpg
2017,95,university of geneva,64,https://www.topuniversities.com/universities/university-geneva,Switzerland,Geneva,Europe,https://www.topuniversities.com/sites/default/files/university-of-geneva_221_small.jpg
2017,63,university of glasgow,72,https://www.topuniversities.com/universities/university-glasgow,United Kingdom,Glasgow,Europe,https://www.topuniversities.com/sites/default/files/university-of-glasgow_592560cf2aeae70239af4b6c_small.jpg
2017,264,university of gothenburg,40,https://www.topuniversities.com/universities/university-gothenburg,Sweden,Gothenburg,Europe,https://www.topuniversities.com/sites/default/files/university-of-gothenburg_233_small.jpg
2017,113,university of groningen,60,https://www.topuniversities.com/universities/university-groningen,Netherlands,Groningen,Europe,https://www.topuniversities.com/sites/default/files/university-of-groningen_243_small.jpg
2017,177,university of gã¶ttingen,50,https://www.topuniversities.com/universities/university-gottingen,Germany,GÃ¶ttingen,Europe,https://www.topuniversities.com/sites/default/files/university-of-gttingen_234_small.jpg
2017,91,university of helsinki,65,https://www.topuniversities.com/universities/university-helsinki,Finland,Helsinki,Europe,https://www.topuniversities.com/sites/default/files/university-of-helsinki_260_small.jpg
2017,187,university of illinois at chicago (uic),49,https://www.topuniversities.com/universities/university-illinois-chicago-uic,United States,Chicago,North America,https://www.topuniversities.com/sites/default/files/university-of-illinois-chicago-uic_592560cf2aeae70239af4b9a_small.jpg
2017,66,university of illinois at urbana-champaign,72,https://www.topuniversities.com/universities/university-illinois-urbana-champaign,United States,Champaign,North America,https://www.topuniversities.com/sites/default/files/university-of-illinois-at-urbana-champaign_2090_small.jpg
2017,393,university of iowa,31,https://www.topuniversities.com/universities/university-iowa,United States,Iowa City,North America,https://www.topuniversities.com/sites/default/files/university-of-iowa_592560cf2aeae70239af4baa_small.jpg
2017,338,university of jyvã¤skylã¤,35,https://www.topuniversities.com/universities/university-jyvaskyla,Finland,JyvÃ¤skylÃ¤,Europe,https://www.topuniversities.com/sites/default/files/university-of-jyvskyl_306_small.jpg
2017,373,university of kansas,32,https://www.topuniversities.com/universities/university-kansas,United States,Lawrence,North America,https://www.topuniversities.com/sites/default/files/university-of-kansas_309_small.jpg
2017,366,university of kent,33,https://www.topuniversities.com/universities/university-kent,United Kingdom,Paris,Europe,https://www.topuniversities.com/sites/default/files/university-of-kent_315_small.jpg
2017,138,university of lausanne,57,https://www.topuniversities.com/universities/university-lausanne,Switzerland,Lausanne,Europe,https://www.topuniversities.com/sites/default/files/university-of-lausanne_592560cf2aeae70239af4bd3_small.jpg
2017,93,university of leeds,65,https://www.topuniversities.com/universities/university-leeds,United Kingdom,Leeds,Europe,https://www.topuniversities.com/sites/default/files/university-of-leeds_338_small.jpg
2017,239,university of leicester,43,https://www.topuniversities.com/universities/university-leicester,United Kingdom,Leicester,Europe,https://www.topuniversities.com/sites/default/files/university-of-leicester_339_small.jpg
2017,330,university of lisbon ,35,https://www.topuniversities.com/universities/university-lisbon,Portugal,Lisbon ,Europe,https://www.topuniversities.com/sites/default/files/university-of-lisbon_1475_small.jpg
2017,157,university of liverpool,54,https://www.topuniversities.com/universities/university-liverpool,United Kingdom,Liverpool,Europe,https://www.topuniversities.com/sites/default/files/university-of-liverpool_350_small.jpg
2017,131,university of maryland|| college park,58,https://www.topuniversities.com/universities/university-maryland-college-park,United States,College Park,North America,https://www.topuniversities.com/sites/default/files/university-of-maryland-college-park_393_small.jpg
2017,251,university of massachusetts amherst,41,https://www.topuniversities.com/universities/university-massachusetts-amherst,United States,Amherst,North America,https://www.topuniversities.com/sites/default/files/university-of-massachusetts-amherst_592560cf2aeae70239af4c0e_small.jpg
2017,252,university of miami,41,https://www.topuniversities.com/universities/university-miami,United States,Miami,North America,https://www.topuniversities.com/sites/default/files/university-of-miami_401_small.jpg
2017,23,university of michigan-ann arbor,87,https://www.topuniversities.com/universities/university-michigan-ann-arbor,United States,Ann Arbor,North America,https://www.topuniversities.com/sites/default/files/university-of-michigan_403_small.jpg
2017,370,university of milan,32,https://www.topuniversities.com/universities/university-milan,Italy,Milan,Europe,https://www.topuniversities.com/sites/default/files/university-of-milan_1873_small.jpg
2017,137,university of minnesota twin cities,57,https://www.topuniversities.com/universities/university-minnesota-twin-cities,United States,Minneapolis,North America,https://www.topuniversities.com/sites/default/files/university-of-minnesota_408_small.jpg
2017,245,university of navarra,42,https://www.topuniversities.com/universities/university-navarra,Spain,Pamplona,Europe,https://www.topuniversities.com/sites/default/files/university-of-navarra_592560cf2aeae70239af4c40_small.jpg
2017,78,university of north carolina|| chapel hill,69,https://www.topuniversities.com/universities/university-north-carolina-chapel-hill,United States,Chapel Hill,North America,https://www.topuniversities.com/sites/default/files/university-of-north-carolina-chapel-hill_424_small.jpg
2017,203,university of notre dame,47,https://www.topuniversities.com/universities/university-notre-dame,United States,Notre Dame,North America,https://www.topuniversities.com/sites/default/files/university-of-notre-dame_458_small.jpg
2017,75,university of nottingham,69,https://www.topuniversities.com/universities/university-nottingham,United Kingdom,Nottingham,Europe,https://www.topuniversities.com/sites/default/files/the-university-of-nottingham_592560cf2aeae70239af4c4e_small.jpg
2017,113,university of oslo,60,https://www.topuniversities.com/universities/university-oslo,Norway,Oslo,Europe,https://www.topuniversities.com/sites/default/files/university-of-oslo_473_small.jpg
2017,169,university of otago,52,https://www.topuniversities.com/universities/university-otago,New Zealand,Dunedin,Oceania,https://www.topuniversities.com/sites/default/files/university-of-otago_474_small.jpg
2017,291,university of ottawa,38,https://www.topuniversities.com/universities/university-ottawa,Canada,Ottawa,North America,https://www.topuniversities.com/sites/default/files/university-of-ottawa_475_small.jpg
2017,6,university of oxford,97,https://www.topuniversities.com/universities/university-oxford,United Kingdom,Oxford,Europe,https://www.topuniversities.com/sites/default/files/university-of-oxford_478_small.jpg
2017,18,university of pennsylvania,89,https://www.topuniversities.com/universities/university-pennsylvania,United States,Philadelphia,North America,https://www.topuniversities.com/sites/default/files/university-of-pennsylvania_495_small.jpg
2017,145,university of pittsburgh,56,https://www.topuniversities.com/universities/university-pittsburgh,United States,Pittsburgh,North America,https://www.topuniversities.com/sites/default/files/university-of-pittsburgh_500_small.jpg
2017,323,university of porto,36,https://www.topuniversities.com/universities/university-porto,Portugal,Porto,Europe,https://www.topuniversities.com/sites/default/files/university-of-porto_760_small.jpg
2017,175,university of reading,50,https://www.topuniversities.com/universities/university-reading,United Kingdom,Reading,Europe,https://www.topuniversities.com/sites/default/files/university-of-reading_517_small.jpg
2017,185,university of rochester,49,https://www.topuniversities.com/universities/university-rochester,United States,Rochester,North America,https://www.topuniversities.com/sites/default/files/university-of-rochester_592560cf2aeae70239af4c96_small.jpg
2017,104,university of science and technology of china,63,https://www.topuniversities.com/universities/university-science-technology-china,China (Mainland),Hefei,Asia,https://www.topuniversities.com/sites/default/files/university-of-science-and-technology-of-china_122_small.jpg
2017,288,university of south australia,38,https://www.topuniversities.com/universities/university-south-australia,Australia,Magill,Oceania,https://www.topuniversities.com/sites/default/files/university-of-south-australia_566_small.jpg
2017,87,university of southampton,66,https://www.topuniversities.com/universities/university-southampton,United Kingdom,Southampton,Europe,https://www.topuniversities.com/sites/default/files/university-of-southampton_567_small.jpg
2017,136,university of southern california,57,https://www.topuniversities.com/universities/university-southern-california,United States,Los Angeles,North America,https://www.topuniversities.com/sites/default/files/university-of-southern-california_569_small.jpg
2017,390,university of southern denmark (sdu),31,https://www.topuniversities.com/universities/university-southern-denmark-sdu,Denmark,Odense,Europe,https://www.topuniversities.com/sites/default/files/university-of-southern-denmark_592560cf2aeae70239af4c53_small.jpg
2017,77,university of st andrews,69,https://www.topuniversities.com/universities/university-st-andrews,United Kingdom,St. Andrews,Europe,https://www.topuniversities.com/sites/default/files/university-of-st-andrews_570_small.jpg
2017,288,university of st.gallen (hsg),38,https://www.topuniversities.com/universities/university-stgallen-hsg,Switzerland,St. Gallen,Europe,https://www.topuniversities.com/sites/default/files/university-of-st.gallen-hsg_571_small.jpg
2017,385,university of stirling,31,https://www.topuniversities.com/universities/university-stirling,United Kingdom,Stirling,Europe,https://www.topuniversities.com/sites/default/files/university-of-stirling_575_small.jpg
2017,272,university of strathclyde,39,https://www.topuniversities.com/universities/university-strathclyde,United Kingdom,Glasgow,Europe,https://www.topuniversities.com/sites/default/files/university-of-strathclyde_579_small.jpg
2017,261,university of surrey,40,https://www.topuniversities.com/universities/university-surrey,United Kingdom,Guildford,Europe,https://www.topuniversities.com/sites/default/files/university-of-surrey_584_small.jpg
2017,187,university of sussex,49,https://www.topuniversities.com/universities/university-sussex,United Kingdom,Brighton,Europe,https://www.topuniversities.com/sites/default/files/university-of-sussex_592560cf2aeae70239af4ccd_small.jpg
2017,347,university of tartu,34,https://www.topuniversities.com/universities/university-tartu,Estonia,Tartu,Europe,https://www.topuniversities.com/sites/default/files/university-of-tartu_592560cf2aeae70239af4d08_small.jpg
2017,370,university of tasmania,32,https://www.topuniversities.com/universities/university-tasmania,Australia,Hobart,Oceania,https://www.topuniversities.com/sites/default/files/university-of-tasmania_592560cf2aeae70239af4cd5_small.jpg
2017,193,university of technology sydney,48,https://www.topuniversities.com/universities/university-technology-sydney,Australia,Haymarket,Oceania,https://www.topuniversities.com/sites/default/files/university-of-technology-sydney_592560cf2aeae70239af4ccf_small.jpg
2017,67,university of texas at austin,71,https://www.topuniversities.com/universities/university-texas-austin,United States,Austin,North America,https://www.topuniversities.com/sites/default/files/university-of-texas-at-austin_604_small.jpg
2017,380,university of texas dallas,32,https://www.topuniversities.com/universities/university-texas-dallas,United States,Richardson,North America,https://www.topuniversities.com/sites/default/files/university-of-texas-dallas_592560cf2aeae70239af5355_small.jpg
2017,374,university of the philippines,32,https://www.topuniversities.com/universities/university-philippines,Philippines,Quezon City,Asia,https://www.topuniversities.com/sites/default/files/university-of-the-philippines_498_small.jpg
2017,32,university of toronto,84,https://www.topuniversities.com/universities/university-toronto,Canada,Toronto,North America,https://www.topuniversities.com/sites/default/files/university-of-toronto_619_small.jpg
2017,377,university of tromsã¸ the arctic university of norway,32,https://www.topuniversities.com/universities/university-tromso-arctic-university-norway,Norway,TromsÃ¸,Europe,https://www.topuniversities.com/sites/default/files/university-of-troms-the-arctic-university-of-norway_625_small.jpg
2017,225,university of tsukuba,44,https://www.topuniversities.com/universities/university-tsukuba,Japan,Tsukuba City,Asia,https://www.topuniversities.com/sites/default/files/university-of-tsukuba_592560cf2aeae70239af4cf7_small.jpg
2017,234,university of turku,43,https://www.topuniversities.com/universities/university-turku,Finland,Turku,Europe,https://www.topuniversities.com/sites/default/files/university-of-turku_592560cf2aeae70239af4cfe_small.jpg
2017,177,university of twente,50,https://www.topuniversities.com/universities/university-twente,Netherlands,Enschede,Europe,https://www.topuniversities.com/sites/default/files/university-of-twente_635_small.jpg
2017,325,university of victoria (uvic),35,https://www.topuniversities.com/universities/university-victoria-uvic,Canada,Victoria,North America,https://www.topuniversities.com/sites/default/files/university-of-victoria-uvic_592560cf2aeae70239af4d0e_small.jpg
2017,155,university of vienna,54,https://www.topuniversities.com/universities/university-vienna,Austria,Vienna,Europe,https://www.topuniversities.com/sites/default/files/university-of-vienna_652_small.jpg
2017,172,university of virginia,51,https://www.topuniversities.com/universities/university-virginia,United States,Charlottesville,North America,https://www.topuniversities.com/sites/default/files/university-of-virginia_656_small.jpg
2017,324,university of waikato,36,https://www.topuniversities.com/universities/university-waikato,New Zealand,Hamilton ,Oceania,https://www.topuniversities.com/sites/default/files/university-of-waikato_660_small.jpg
2017,366,university of warsaw ,33,https://www.topuniversities.com/universities/university-warsaw,Poland,Warsaw,Europe,https://www.topuniversities.com/sites/default/files/university-of-warsaw_663_small.jpg
2017,59,university of washington,74,https://www.topuniversities.com/universities/university-washington,United States,Seattle,North America,https://www.topuniversities.com/sites/default/files/university-of-washington_592560cf2aeae70239af4d1e_small.jpg
2017,152,university of waterloo,54,https://www.topuniversities.com/universities/university-waterloo,Canada,Waterloo,North America,https://www.topuniversities.com/sites/default/files/university-of-waterloo_670_small.jpg
2017,53,university of wisconsin-madison,76,https://www.topuniversities.com/universities/university-wisconsin-madison,United States,Madison,North America,https://www.topuniversities.com/sites/default/files/university-of-wisconsin-madison_678_small.jpg
2017,359,university of witwatersrand,33,https://www.topuniversities.com/universities/university-witwatersrand,South Africa,Johannesburg,Africa,https://www.topuniversities.com/sites/default/files/university-of-the-witwatersrand_679_small.jpg
2017,218,university of wollongong,45,https://www.topuniversities.com/universities/university-wollongong,Australia,Wollongong,Oceania,https://www.topuniversities.com/sites/default/files/university-of-wollongong_680_small.jpg
2017,127,university of york,59,https://www.topuniversities.com/universities/university-york,United Kingdom,York,Europe,https://www.topuniversities.com/sites/default/files/university-of-york_689_small.jpg
2017,80,university of zurich,68,https://www.topuniversities.com/universities/university-zurich,Switzerland,Zürich,Europe,https://www.topuniversities.com/sites/default/files/university-of-zurich_693_small.jpg
2017,347,university ulm,34,https://www.topuniversities.com/universities/university-ulm,Germany,Ulm,Europe,https://www.topuniversities.com/sites/default/files/university-ulm_638_small.jpg
2017,338,universitã â di padova,35,https://www.topuniversities.com/universities/universita-di-padova,Italy,Padua,Europe,https://www.topuniversities.com/sites/default/files/universitdi-padova_480_small.jpg
2017,232,universitã¤t hamburg,43,https://www.topuniversities.com/universities/universitat-hamburg,Germany,Hamburg,Europe,https://www.topuniversities.com/sites/default/files/universitt-hamburg_592560cf2aeae70239af4b79_small.jpg
2017,299,universitã¤t innsbruck,37,https://www.topuniversities.com/universities/universitat-innsbruck,Austria,Innsbruck,Europe,https://www.topuniversities.com/sites/default/files/universitt-innsbruck_592560cf2aeae70239af4ba7_small.jpg
2017,363,universitã¤t jena,33,https://www.topuniversities.com/universities/universitat-jena,Germany,Jena,Europe,https://www.topuniversities.com/sites/default/files/universitt-jena_592560cf2aeae70239af4bb5_small.jpg
2017,352,universitã¤t konstanz,34,https://www.topuniversities.com/universities/universitat-konstanz,Germany,Konstanz,Europe,https://www.topuniversities.com/sites/default/files/universitt-konstanz_323_small.jpg
2017,263,universitã¤t stuttgart,40,https://www.topuniversities.com/universities/universitat-stuttgart,Germany,Stuttgart,Europe,https://www.topuniversities.com/sites/default/files/universitt-stuttgart_580_small.jpg
2017,154,universitã© catholique de louvain (uclouvain),54,https://www.topuniversities.com/universities/universite-catholique-de-louvain-uclouvain,Belgium,Louvain-la-Neuve,Europe,https://www.topuniversities.com/sites/default/files/universit-catholique-de-louvain-uclouvain_592560cf2aeae70239af4aed_small.jpg
2017,315,universitã© de liã¨ge,36,https://www.topuniversities.com/universities/universite-de-liege,Belgium,Arlon,Europe,https://www.topuniversities.com/sites/default/files/universit-de-lige_592560cf2aeae70239af4bd9_small.jpg
2017,327,universitã© de montpellier,35,https://www.topuniversities.com/universities/universite-de-montpellier,France,Montpellier,Europe,https://www.topuniversities.com/sites/default/files/universit-de-montpellier_592560e69988f300e2321d99_small.jpg
2017,126,universitã© de montrã©al ,59,https://www.topuniversities.com/universities/universite-de-montreal,Canada,Montreal,North America,https://www.topuniversities.com/sites/default/files/universit-de-montral_417_small.jpg
2017,260,universitã© de strasbourg,40,https://www.topuniversities.com/universities/universite-de-strasbourg,France,Strasbourg,Europe,https://www.topuniversities.com/sites/default/files/universit-de-strasbourg_578_small.jpg
2017,262,universitã© diderot  paris 7,40,https://www.topuniversities.com/universities/universite-diderot-paris-7,France,Paris,Europe,https://www.topuniversities.com/sites/default/files/universit-diderot-paris-7_592560cf2aeae70239af4c6c_small.jpg
2017,206,universitã© grenoble alpes,47,https://www.topuniversities.com/universities/universite-grenoble-alpes,France,Grenoble,Europe,https://www.topuniversities.com/sites/default/files/universit-grenoble-alpes_592560cf2aeae70239af5ab2_small.jpg
2017,372,universitã© laval,32,https://www.topuniversities.com/universities/universite-laval,Canada,QuÃ©bec,North America,https://www.topuniversities.com/sites/default/files/laval-university_337_small.jpg
2017,228,universitã© paris 1 panthã©on-sorbonne ,44,https://www.topuniversities.com/universities/universite-paris-1-pantheon-sorbonne,France,Paris,Europe,https://www.topuniversities.com/sites/default/files/universit-paris-1-panthon-sorbonne_482_small.jpg
2017,377,universitã© paris descartes,32,https://www.topuniversities.com/universities/universite-paris-descartes,France,Paris ,Europe,https://www.topuniversities.com/sites/default/files/universit-paris-descartes_486_small.jpg
2017,356,universitã© paris-dauphine|| universitã© psl,33,https://www.topuniversities.com/universities/universite-paris-dauphine-universite-psl,France,Paris,Europe,https://www.topuniversities.com/sites/default/files/universit-paris-dauphine-universit-psl_592560cf2aeae70239af4c68_small.jpg
2017,241,universitã© paris-saclay,42,https://www.topuniversities.com/universities/universite-paris-saclay,France,,Europe,https://www.topuniversities.com/sites/default/files/universit-paris-saclay_592560cf2aeae70239af4c6e_small.jpg
2017,221,universitã© paris-sorbonne (paris iv),45,https://www.topuniversities.com/universities/universite-paris-sorbonne-paris-iv,France,Paris,Europe,https://www.topuniversities.com/sites/default/files/universit-paris-sorbonne-paris-iv_484_small.jpg
2017,141,universitã© pierre et marie curie (upmc),56,https://www.topuniversities.com/universities/universite-pierre-et-marie-curie-upmc,France,Paris,Europe,https://www.topuniversities.com/sites/default/files/universit-pierre-et-marie-curie-upmc_487_small.jpg
2017,98,uppsala university,63,https://www.topuniversities.com/universities/uppsala-university,Sweden,Uppsala,Europe,https://www.topuniversities.com/sites/default/files/uppsala-university_643_small.jpg
2017,104,utrecht university,63,https://www.topuniversities.com/universities/utrecht-university,Netherlands,Utrecht,Europe,https://www.topuniversities.com/sites/default/files/utrecht-university_646_small.jpg
2017,382,v. n. karazin kharkiv national university,32,https://www.topuniversities.com/universities/v-n-karazin-kharkiv-national-university,Ukraine,Kharkiv,Europe,https://www.topuniversities.com/sites/default/files/v.-n.-karazin-kharkiv-national-university_19511_small.jpg
2017,203,vanderbilt university,47,https://www.topuniversities.com/universities/vanderbilt-university,United States,Nashville,North America,https://www.topuniversities.com/sites/default/files/vanderbilt-university_649_small.jpg
2017,228,victoria university of wellington,44,https://www.topuniversities.com/universities/victoria-university-wellington,New Zealand,"Kelburn, Wellington",Oceania
2017,361,virginia polytechnic institute and state university,33,https://www.topuniversities.com/universities/virginia-polytechnic-institute-state-university,United States,Blacksburg,North America,https://www.topuniversities.com/sites/default/files/virginia-polytechnic-institute-and-state-university_592560cf2aeae70239af4d15_small.jpg
2017,199,vrije universiteit amsterdam,47,https://www.topuniversities.com/universities/vrije-universiteit-amsterdam,Netherlands,Amsterdam,Europe,https://www.topuniversities.com/sites/default/files/vrije-universiteit-amsterdam_658_small.jpg
2017,182,vrije universiteit brussel (vub),49,https://www.topuniversities.com/universities/vrije-universiteit-brussel-vub,Belgium,Brussels,Europe,https://www.topuniversities.com/sites/default/files/vrije-universiteit-brussel-vub_74_small.jpg
2017,119,wageningen university & research,60,https://www.topuniversities.com/universities/wageningen-university-research,Netherlands,Wageningen,Europe,https://www.topuniversities.com/sites/default/files/wageningen-university_659_small.jpg
2017,201,waseda university,47,https://www.topuniversities.com/universities/waseda-university,Japan,Tokyo,Asia,https://www.topuniversities.com/sites/default/files/waseda-university_592560cf2aeae70239af4d1c_small.jpg
2017,395,washington state university,31,https://www.topuniversities.com/universities/washington-state-university,United States,Pullman,North America,https://www.topuniversities.com/sites/default/files/washington-state-university_666_small.jpg
2017,106,washington university in st. louis,63,https://www.topuniversities.com/universities/washington-university-st-louis,United States,St. Louis,North America,https://www.topuniversities.com/sites/default/files/washington-university-in-st.-louis_668_small.jpg
2017,198,western university,48,https://www.topuniversities.com/universities/western-university,Canada,London,North America,https://www.topuniversities.com/sites/default/files/the-university-of-western-ontario_674_small.jpg
2017,294,westfã¤lische wilhelms-universitã¤t mã¼nster ,38,https://www.topuniversities.com/universities/westfalische-wilhelms-universitat-munster,Germany,MÃ¼nster,Europe,https://www.topuniversities.com/sites/default/files/westflische-wilhelms-universitt-mnster_421_small.jpg
2017,275,wuhan university,39,https://www.topuniversities.com/universities/wuhan-university,China (Mainland),Wuhan,Asia,https://www.topuniversities.com/sites/default/files/wuhan-university_889_small.jpg
2017,318,xi’an jiaotong university,36,https://www.topuniversities.com/universities/xian-jiaotong-university,China (Mainland),Xi'an,Asia,https://www.topuniversities.com/sites/default/files/xian-jiaotong-university_683_small.jpg
2017,15,yale university,91,https://www.topuniversities.com/universities/yale-university,United States,New Haven,North America,https://www.topuniversities.com/sites/default/files/yale-university_684_small.jpg
2017,330,yeshiva university,35,https://www.topuniversities.com/universities/yeshiva-university,United States,New York City,North America,https://www.topuniversities.com/sites/default/files/the-katz-school-at-yeshiva-university_685_small.jpg
2017,112,yonsei university,61,https://www.topuniversities.com/universities/yonsei-university,South Korea,Seoul,Asia,https://www.topuniversities.com/sites/default/files/yonsei-university_688_small.jpg
2017,110,zhejiang university,62,https://www.topuniversities.com/universities/zhejiang-university,China (Mainland),Hangzhou,Asia,https://www.topuniversities.com/sites/default/files/zhejiang-university_592560cf2aeae70239af4d37_small.jpg
2017,177,ãcole normale supã©rieure de lyon,50,https://www.topuniversities.com/universities/ecole-normale-superieure-de-lyon,France,Lyon,Europe,https://www.topuniversities.com/sites/default/files/cole-normale-suprieure-de-lyon_175_small.jpg
